id,text,y
0,Film Total At last Marvel Studios goes for diversity and representation https://t.co/fBR9oL2O0t https://t.co/PsnBHpWE3F,positive
1,@bol_com Years ago I ordered what was canceled with you while you can really only offer what you can deliver. Two months ago I won resistance: ordered something again. Not delivered. After two inquiries it would be sent again. I'm still waiting. Bad guys!,negative
2,@NOS The virus gets the chance to mutate in vaccinated people stop that vaccination and let us resist the work,negative
3,@fatihbaey Types of and was clear at the time. The coronavirus is new and several variants of it have been added; now there is a doubt about a new variant again. My point is that certainty on resistance to corona is more limited with a new vaccine..2),negative
4,@nienewoud @dancalegria Same goes for Aspergillosis this fungus occurs almost everywhere and is harmless to healthy people but can be dangerous to people with reduced resistance. Don't know where he thinks his mouth is but Amoeben lives in the colon.,negative
5,@Alyfeenstrapau1 @telegraaf Don't give once had natural resistance can't prick against it In addition vaccinees don't have to be afraid..protected against corona,positive
6,@dvhn_nl The wonderphrase: If that helps to contain Covid It doesn't help that's the whole point!! If we have to mass up to the Pampers I would do that if it helped. BUT IT DOES NOT HELP!! Stronger bad for your resistance...,negative
7,@Sabje1979 @faith Just make sure that children build up resistance and eat healthier food instead of leaking them. I can't believe the fear of some people how is that possible?!,negative
8,@EelcoHoecke is also unnecessary only in case of severely reduced resistance. But there is more going on. Every news broadcast you hear more beat-up stories about increasing infections. That beat up my new variant is meant to persuade vaccine refusers. More than 82% has already been vaccinated!,negative
9,@yuroon @Houdy87309831 @BataafseNazorg New group I would do: Bataafse Bible study. Daily exegesis of Prophet Kat's Word. I thought by the way that Bataven heroically resisted the casting of the Low Countries. A little crisis of conscience?,neutral
10,Give me that natural resistance posted on /r/Forum_Democracy #FvD #ForumFor Democracy #Reddit https://t.co/YXW3A72QFo,neutral
11,@TruthRaider1 @Irisblossoms But there is very little resistance in the real world. On Twitter you would believe (and hope) that it is different but look around you! Fear is the ultimate influence agent. The goedemunicipality is like wax in their hands. And I don't have a good word left for it.,negative
12,@AlwinDamme @PALNWS @FranckenTheo Ben beniewd where the social resistance lies. Housing shortage energy poverty lack of care capacity unsustainable government debts to keep things going? 14.2% producer inflation. Somewhere the incompetence valve is empty.,negative
13,@bartdecl I am pro vaccination but also at 100% vaccination will not be controlled by COVID-19. It will not be mandatory but it will have the desired effect but it will generate a lot of resistance. What does? To promote permanent hygiene measures avoid masses and stay at home with symptoms.,positive
14,@marcellagerwerf I am not against mouth caps in periods when there are many viruses going around. Have already done quite a lot of research for that when corona broke out in China. Only then FFP2. Protecting yourself. Of course building resistance is also useful... but well that comes through the kids;-),positive
15,Maybe Urkse dna n offers very good resistance. God will know. His inbred village,negative
16,@hoo-hoo-hoo-hoo! That's the risk you're running huh?,neutral
17,@marcje74 @ghostybuster79 @NOS You think it's normal that people who are NUL at risk from a virus get heart problems because of a vaccine they don't need and aren't helping others? Are you sure this account isn't also a Hugo-paid troll account like the other one?,negative
18,Eucalypta Koopmans is all about: taking good pregnancy take the risk... https://t.co/n8p6nppcqk,positive
19,Gasunie warns about risk derivatives billions of hydrogen investments. https://t.co/SjXktqRBXR,negative
20,National Counter-Terrorism Coordinator NCTV has been aware since 2017 that municipalities have been sending in private researchers the mosque to secretly collect information there and that there are high risks involved' https://t.co/t6WNU0LXtV,negative
21,@MaartenHeink 2. Decent people have been proven 3 double(!) victims... of ego people who consciously choose to be risk &amp; perpetrator T DENIGREEN &amp; correcting of that must be passed Drunken driving by red without consequences and meanwhile denying other people 24/7 care,negative
22,@vanLeeuwenRuud 1. A person who is vaccinated takes a conscious risk of side effects. 2. Obesity paralysis symptoms due to nitrous oxide coma drinking. Head or tail?,negative
23,@nigroeveld @silentanger5 @thierrybaudet Also read New Digital Age. It's more complicated than there is a small club that directs everything. We're all there to promote positive developments and avoid risks. That's a big challenge. Conspiracy theory is not helpful.,neutral
24,@WLMD @Gazendam_Petra @EenToday @marcdullaert Oriana really doesn't want to go to school before she's vaccinated. She doesn't want to get sick herself even if the risk to me wouldn't be that big anymore.,negative
25,@OscarKocken refusing a letter is still entirely at the risk of the recipient. I do have a ruling on it.,neutral
26,Then the system already cracked and they didn't do anything... oh yes close hospitals and every year 150000 lucky seekers who immediately had to be medically renovated or converted for 200k per operation that you pay through your higher own risk.. https://t.co/rBL8sLXxrH,negative
27,Gasunie warns about risk derivatives billions of hydrogen investments /via @Nieuwsuur https://t.co/paogiLmLht,negative
28,@nigroenveld @silentanger5 @thierrybaudet Critical opinion is necessary. We're going to have a future with great opportunities and great risks. Digitalization accelerates and strengthens societal developments. Toffler in The 3rd Wave pointed out.,positive
29,@ma'am's attorney Consciously taking risks but not wanting to take the fall... and then they call vaccine deniers antisocial.,negative
30,Gasunie warns about risk derivatives billions of hydrogen investments /via @News hours The Gasunie is Shell so this is fake news again:water H20 + stream through hup H2 gas store in a methyl oxide and everything Shell has can stay in the ground https://t.co/kz7N6UdRkW,negative
31,When prof. Hotez complains about the extreme right-wing approach of science https://t.co/3LOoNDpb0m @KarelBrits you might wonder why? No?,neutral
32,@PieterOmtzigt RIVM and OMT represent only a (specifically and strongly influenced by pharma) part of the science'. By @hugodejonge and @jpaternotte @RolandPierik this is put into a rhetorical trick as the only science you should believe in and the rest is wappie.,negative
33,@belle_derks @GabyLunansky @GijsvanSust I've been through the tail of the old days where senior professors were assigned standard AiOs. Bad for the AiOs bad for the young driven UDs and UHDs and bad for science. So that never happens again.,negative
34,@WaterrinkerP And then there's another mediator who helps you sell your home to foreign interested parties. In the higher segment. They're called Qualis also a nice science for @sylviawhiteman,positive
35,@switchinblades @Marcel4X @greenlinks No one is obliged to be nice not that there is something wrong with that but this goes much further. This is a radical thought well and it asks an entire society to conform to what they think. She completely ignores science.,negative
36,There are always know-how. As long as they only endanger themselves you can have patience but not if they endanger older people and patients. Employers that is their duty to care must apply the knowledge about dangers; according to the state of science. https://t.co/4LuaKF7qPl,negative
37,Look where science has brought us by now. Doctors who do not vaccinate are fired. And also the Dutch government does not express itself against this disgrace!!!! @PieterOmtzitzit @Lisawesterveld @MinPress @hugodejonge @jpaternotte @NickiVerweij @lientje1967 @GideonvMeijeren https://t.co/kmMhI28vtQ,negative
38,@PieterOmtzigt. Scientific basis.........................................................................................................................,neutral
39,@HermanSieben @PvdAZwolle Do you have any idea how high the water is at high water (cm above NAP) then temporarily? With these answers and the knowledge that the plan works without dike you have the answer for the design for the parking garages. 2),neutral
40,@IreneHoogenraad @ljmzwan @BenserWalt @OBraeckenssieck I fully agree with that but I also trust the science mistakes are made there but the figures also show that the vaccines are working they clearly bring down the deadly side of the story m,positive
41,@mzelst @NickiVerweij @jasper_nld That's easy to say with today's science.,negative
42,Would Mark Rutte with that high tone of his against Warsaw ever think for one second of the 630 Polish soldiers who died in the liberation of NL in 1944 - 1944 - 1945? Surely not. Because with that science you would think: something more careful can also be. #rutte #polen,negative
43,DreamteamLowLands we do not forget we do not forgive we are many we are anon(ymous) https://t.co/zBJhTXWH0u,negative
44,@Pianoe82 @serveechay Haha is nice for your own. I think this is also common I could have put as an option in between!,positive
45,Here we shop ourselves! When you travel you need a lot here we (almost) buy everything. https://t.co/Iv0hTdtKJY https://t.co/TmN2Nb10jS,positive
46,@VincentVQ You have carried liberal democracy yourself for a grave pinko dick.,negative
47,Finally!!!!! Doctors themselves stand up to this scandalous behavior of Diederik Gommers https://t.co/AyH6s4Lj6j,negative
48,@telegraph... on the basis of great study.... you yourselves believe this.........,negative
49,Suppose you could do that that's what it takes to enslave them to the government. Not a penny more totally dependent. The beauty of that is they're all too happy to cooperate themselves you don't have to bother anymore. Suppose you want to. ;),negative
50,I don't get it. He wants me to go to the gym with him and buy an abbo but after two weeks he's not gonna be able to do it himself.,negative
51,Evil message: the demonstration against the #coronapas on the workplace floor in Trieste of tomorrow has been cancelled by the organizers themselves. Fear of violence by infiltrators is too great. Extremely left and far right are threatening to hijack these demos again.,negative
52,@Michel1401 What a fuss always about that whole coming out. Very hype in the Netherlands and very hassle with rainbow zebrapaths and that shit. While they themselves make it a whole happening.,negative
53,Dear people. Due to the purchase of a new copy our current TV (which still works perfectly) is released. See specifications attached. Please pick up your own Monday night. €25. https://t.co/HIyW7M5WXf,positive
54,@JustFunny12 Yes we were talking about Scandinavia. The Swedes themselves are not happy with their country yet. If the Spanish government stays cool I can sit it out here for a while. https://t.co/W1a8ua4Vk1,neutral
55,The sick teacher I replaced regularly sent long messages through smart school about what I needed to see who I had to keep an eye on what tasks I had to improve. Tasks I hadn't given myself and about which I knew nothing. (5),negative
56,@pdsutter Are you going to have to deal with private business now? Companies don't need trouble at this level they can decide whether or not to pay.,negative
57,Thank God it's Friday! For 2 years LotteLust's home sexologist Marjolein Abma has been answering burning questions about sex sexuality love lust and everything in between on the free day: https://t.co/Yush8FdUBv #boek https://t.co/R08DavODTt,positive
58,Jessa hospital trains nurses to guide cancer patients around sexuality - https://t.co/FtHih7Mdqm #tvlnieuws https://t.co/ZOXU9UTD5M,neutral
59,Tonight at 17.30 for the GGD STD meeting there is room to ask questions about sexuality safe sex and dealing with annoying (sexual) situations. Until tonight! #door2doorrotterdam #sexwork010 #sexwork #sexwork #sexuality #safesex https://t.co/K1W73MWIHE,positive
60,@MaritVanOene @sannetenwolde @ruudtw #Sofie_Lakmaker with her history of her #sexuality is #hilarically good. I fear the #empty of #Martien will become it. Finally Rutte never lost in this country either.,positive
61,Be a bit spicy when it comes to Sid Lukkassen's anti-feminist sexuality but someone's performing elementary school teacher and future ex-wife in this is your life as evening entertainment...,negative
62,@Julianbelgium @Zwoltopia for Laurent is the film about Jacky's sexuality so it focuses on... cattle is just the setting,neutral
63,Show 2: Queer Visions Queer characters in the foreground without the story revolves around their sexuality and/or gender identity. Movies that just scream QUEER! Click on the link for more information about the movies and makers. #queerhorror #amsterdamqueer https://t.co/QrwHgqnihD,positive
64,@FrontalNude That's not surprising. It's all weeping bushes as soon as they're themselves attacked. But Kirac's project to destroy someone also at a very delicate point (sexuality) I don't find in the hook. The goal doesn't justify this tool.,negative
65,The Sexuality Sexwork and Human Trafficking Expertise Centre (ESSM) of Humanitas Foundation is looking for a: Policy Adviser (32 hours). https://t.co/RfAjrreto8 https://t.co/gVAcv6kI8M,neutral
66,Sex is part of life for most people. But what if you've had some form of gynecological cancer? Does your sex life change or your wife-being after your treatments? How do you pick up sexuality and what can you run into? https://t.co/lmeuB11uka,neutral
67,@brunostruys Who can have faith in someone you can see how they think about #evolution theory #sexuality #bigbang theory #Israel etc. I don't at least as a parent. This is about children not about 'right to work'. Learn how to relativize a rule first.,negative
68,@Assita_Kanko Teachers expect ideological neutrality for the classroom. Islam is not a religion pure sang but an ideology and also a dangerous one. A teacher who sees sexuality as the protection of virginity and only sees sex as propagating. Is objectionable.,negative
69,@roosvonk He also participated in Gaia's campaign on Kiplekker. Is also the only thing about him that I like otherwise I find it a dirty frustrated male with a very wrong image of women and sexuality. Have not been able to read a book of him because of it yes. https://t.co/bod04MCV4Y,negative
70,@Yv_Hiemstra @jjvpeperstraten That is exactly what is happening more and more. Its own sexuality its own emotion and indeed its own is on a pedestal and must be worshipped also by others.,negative
71,@bobaideFranki @JanzJaap @vizieroptwinks @KWinkelaar @greenlinks gender and sexuality are 2 different things that happen to be shaved by society because they are sometimes (un)rightly compared as gay man who in the 1970s stood up for rights you would think you know better than heteros,negative
72,Finish the corona pass https://t.co/LV5KPhsDWj 335.771 is the stand! Also sign against #Corona passport and #vaccination obligation..can still be 23-11-2021 please stay RT!,negative
73,Open Atelier is for a small group of up to 6 people to be able to work with all kinds of drawing and painting techniques. Own contribution 7.50 euro per meeting. Next Open Atelier is on Wednesday 24 November from 14.00 hours. Subscribe via secretariat@autismepunt.nl https://t.co/jDMsJNdZHM,neutral
74,On Friday 29 October Leerbuddy Flanders organises with great enthusiasm the first learning buddy café of this school year. @8500Kortrijk will receive you for an evening dedicated to executive functions. Want to be inspired: https://t.co/awmrXcllra https://t.co/SrwHhdbYOU,positive
75,Tomorrow at 11:00 a.m. #TopicTalks at https://t.co/l5BgsBieG2. This time completely focused on personal finance. @annaneeltjedb speaks about it with @martinehafkamp director of @Fintessa; Kalim Rahmanyar van Meerdervoort and Edwin Adams from @moneyfor each other. https://t.co/BKgcEo7I,neutral
76,@sproetenwijffie Would only like a sign from above or wherever he is,negative
77,@Manga187 It is a sign of the time in which we live Muslims are confronted on all sides with things that can make a Muslim who is not firmly in his faith uncertain and if there is something that secular Islam critics cannot really attack then it is soon welcomed.,negative
78,@normal_just @pwrdbyanthony @fkxdo3Wz1Q0zQBh @LeoBaten @DeFunction @jpaternotte You don't have to teach me anything. I know where you seek and find information. And swearing is a sign of weakness. You continue to be a profiteer when you crawl to the IC.,negative
79,@kjl_en @GnovohM @telegrapher Then I'm going to die anyway is a sign that I'm weak or I'm not going to die. If I'm going it won't bother me anymore.,neutral
80,@HesterLoeff Now I don't do anything anymore and if I draw something or something that's a variant on the theme Expressions. Even if I want a landscape there's a tronie on it.,neutral
81,It's a sign of respect if you obey him he'll also obey you by listening to you if you don't like something. No one's doggy. That's just a sign of respect you have against each other. https://t.co/gV457EQ9qL,neutral
82,My followers on insta have seen this wss already 200000x. But share here really never me shit that I draw. So herewith HAHAHAH https://t.co/u7Vw2KvlPK,neutral
83,See the first Pokémon GO developer diary dedicated to Community Day https://t.co/bB6aPVyuVR,neutral
84,So I can just stay in the Netherlands says Milena to me. This while some of us here in NL complain when the train arrives. People with different worries. Give this Yazidi girl a life in the Netherlands. Sign the petition https://t.co/dMNiwekn3g https://t.co/1HLRtA5fIv,negative
85,Also sign the petition Pollen #Belarusian border https://t.co/av9wOB2s2G,positive
86,In our rich country more than 250000 (!) children grow up in poverty. This has huge impact. Often a lifetime. Yes the responsibility lies largely in The Hague. However public pressure can help. Therefore sign this petition from @stichtingSIRE &gt; https://t.co/vj05972MS3,negative
87,@JustFunny12 We better shoot that energy feminist c.s. into space; let them colonize a planet and start performing the only real right gender and otherwise neutral socialism or something.,negative
88,Dutch so-called Socialism is worse than Russian communism,negative
89,Interesting. So did the Soviets. People who are right about the totalitarian genocidal nature of socialism/marxism refer to 'the madhouse'. So even in this respect history repeats itself. Be proud to be a useful idiot. https://t.co/VnNUFtLQ3M,negative
90,@geiger_jules @explained @LAMBIK_ Have bad vibes at New Communist Party in the Netherlands NCPN. To strengthen socialism we need to unite all socialists and stand up for our right to take initiatives from the ground up.,negative
91,@Pete88025500 @PatrickBraas Hitler was not a nationalist otherwise he would never have wanted to make Europe a one. Socialist he certainly was if you want to call socialism state fetishism. And state fetishists are from SP to VVD. That shows the whole kojona-happening unmistakably.,negative
92,@zeg_maar_Nikes @AxelLeReer @greenlinks Well no! And vegetarian food doesn't come in with him. That's business for the rabble that is socialism.,negative
93,@JaimyFox @roelsint @jroode What does that mean? That woke originated from the absence of another salvation doctrine? What then? Anarchism? Socialism? Communism?,negative
94,Socialist Sassoli wants to condemn the European Commission for not bringing Poland and Hungary to justice without a legal basis. Socialism through the rifle is passé totalitarianism now goes through friendly judges. https://t.co/cgoEq6mpkX,negative
95,@PeterDeVoogt @paululenbelt @changewish I think this is a very bad comparison. It is not that if you believe that socialism is good that also means that you believe that you live in a socialist state. So you're just dependent on the capitalist system and don't make any illusions about it.,negative
96,Mijpaaltje: 1st discussion with my son about socialism. And why our economy can't live without it. https://t.co/daBLzKEBOW,positive
97,@ThomasDamsko In Poland that was a nice trick in recent years among communists: go on the street with banners Forward to Socialism and Live Marxism-Leninism. The party itself had long since stopped believing in it.,positive
98,@Guus Kuijer Nou parties who have forgotten that so-called socialism in their programme shake it off or forget it very soon as they get something to say,negative
99,Something bad such as socialism and communism which has also failed and collapsed can never produce anything good. Nor can it ever succeed or build anything. This seems to be something left-wing neo-stalinists such as EU (SSR) Commissioner Timmermans do not realize.,negative
100,@for_now to all soc democrats. Accepts the headscarf and denies the origins of socialism. Nazism under the name of national-socialism has left you with a persistent guilt. You do not help the working class.,negative
101,Hollandse Uniteprijs Maatschappij Amsterdam @HEMA Congratulations on your beautiful anniversary. We Handel Industrie Transport Maatschappij Amsterdam @Hitma were founded in the same city in 1926. Also a party so https://t.co/q1LhfqAoom,positive
102,@wiltingklaas For an ex-policeman to sow some 2 division in society you should be ashamed to death What to do fat people and complications diabetes heart/valve diseases new knees &amp; hip reckless riders complications after drugs &amp; drink use smokers cancer COPD All own fault thick.,negative
103,@MartineGoossen4 @demorgen That's a subjective assumption (mass support) which I don't condemn as long as the actions remain rational. I myself am not happy with the hardening vd society and have the assumption that a mass of people fall into that far-right trap mr.,negative
104,13-year-old girls get raped in my neighborhood and all they say in my congregation is we can't do anything about this.This society disappoints me every day..,negative
105,@ElmaRoubos @delongarts?? Luckily I had a lot of colleagues who would be eligible for the name. As in the whole of today's society there is also a lot changing within the care often to the detriment. Your response tells me enough,negative
106,What are we gonna do with all this young stuff with their #Gender Studies and Social Work? They're gonna hang on to the grant tit in a couple of years. That's not gonna help society anyway! #FirstDates,negative
107,@Catherine_BaB You were alone they are hundreds of thousands and can therefore live here in their own society and rightly so. The band with their roots is too strong,negative
108,@PALNWS Cowards roll out the QR code company,negative
109,@react1 Forget integration no longer exists. Islam has formed a separate society,negative
110,@RTLnews They're going to shut down the whole society. Power of the masses,negative
111,@PJDeSmedt What kind of crazy guys are these? Lockdown seems to me. Most crazy guys just walk around our society. Also think they're well-educated no way. Direction of psychiatric institution seems like a solution. Unfortunately very long no cure possible,negative
112,Soon our children will be taught exclusively by Muslims the new weapon of the Muslims to disrupt our society..,negative
113,@wappiehoek Make fun of people on the internet cool action! It really helps to reduce polarization in society. Continue...,negative
114,@DermautKaatje @jdceulaer No but I am sufficiently aware of what is happening around me in our society to make this statement.,positive
115,@keizernicolasz @ruys_f @tdenooijer For Corona we already took others into account. And we were also vaccinated against DKTP BMR etc. That's what our society owes people a lot.,positive
116,Welcome to the official profile of the International Politics Department of @JuntsXCat. We will work with strategic partners for Catalonia and defend the sovereignty of our country. We are a European nation and the world is our world.,positive
117,@RTL news So you're only a decent member if you give up sovereignty?,negative
118,@nexitdenktank Look at the collapse in Brussels when we join the £9 trillion #CPTPP. There are no costs to pay and no loss of sovereignty. #FTEU #NEXIT,negative
119,@BartVeeken Official. A danger to your well-being. A danger to your wallet. A danger to your freedom. A danger to your future. A danger to our sovereignty. A danger to peace in Europe. Mafia. @PvdA,negative
120,@RTLZ Rutte about Poland while he himself flaunts the rule of law with his lies disinformation with his selective memory with the frustrating of the democratic process. So a joke to Poland to take the measure that relies on its constitution and sovereignty.,negative
121,@ADnl A law that protects us is simply amended by our government. Otherwise there is Brussels which according to our government is above our sovereignty. No don't worry if laws stand in the way then it will be skilfully resolved,negative
122,@D66 @VVD @cdavandaag @christenunie #formation Wow if you're looking for another MP this guy is recording the WEL for his own country instead of whoring to Brussels. Sovereignty is a wonderful right of all Member States. https://t.co/P8FPsH6VvF,negative
123,@RTLnews https://t.co/qwVWXwNuck The Spanish delegate clearly does not agree with #Rutte Rutte's sovereignty seems very easy to give away the power of unelected too often corrupt bureaucrats and professional politicians in Brussels. And RTL News is sleeping through.,negative
124,@alexanderdecroo And about the sovereignty of the countries. Otherwise the EU will soon break up. Big player UK is already gone. And fighting like your boyfriend Guy does will not have a positive impact on friendly ties. Feel already discontent with Spain Poland Hungary... keep it decent!,positive
125,Let us not look so far and first save our own country from madness and then reinvent our sovereignty. https://t.co/a828C886v3,negative
126,Political café of @OpiniezMagazine with @fvbeetz and the undersigned. About foreign criticism of the Netherlands: country of drug mafia tolerance policy organised crime insufficient democracy declining sovereignty growing housing shortage. With @Yorienvdh. https://t.co/EPtpK4yrLk,negative
127,@BestOf1913 @Nederhof @dutch_travel @DNB_NL at BNR cryptocast already called for a mainstream debate on the loss of economic/financial sovereignty when introducing CBDC. Bitcoin is the most sovereign digital version of value storage. Gold physically with all the disadvantages of that. CBDC the least sovereign.,negative
128,@DaveRMichels @KelvinVos2 The summary reads: PVV and SP can both be classified in this context as sovereigns although they come to that conclusion along several considerations. The PVV sees european strategic auronomy as a basis for Dutch sovereignty and SP sees it as an imperial,neutral
129,@faithful Polish history was a succession of occupied by great powers to the east and to the west. Rightly Poland puts its own constitution its sovereignty first. And Dld Merkel as an occupying power is allowed to sing a little lower.,negative
130,5/17.5 million out of half a billion inhabitants in the EU 29 out of 571 seats in the EC. After surrender of sovereignty and veto rights what remains of the Netherlands? How can this be good for the Netherlands and the Netherlands?,negative
131,@Ammer_B I never hear about forcing CO2 meters in public spaces. Is the value too high than mouth nose masks or leaving the room.,negative
132,The Germans come out more. So more space but then you have to be secure in the counter. And just leave him there the problem.. #learning process,positive
133,@JoostNiemoller Doesn't want the King to take them in he still has plenty of room.,negative
134,@Advocate_Sent @LeuvenCees id gender makes no difference however it is necessary that all parties including GI hold it to concrete facts when losing 1 parent if it can be proven that GI is not right there must be room for parties (showable rebuttal),neutral
135,Maybe give Lo Celso a little less space.,negative
136,@KilatDiSini @jacobuithetzui1 @MarionKoopmans @MarcBonten @hugodejonge @RIVM_vDissel I understand that he has to go back to office and meetings. But he doesn't wear a mouth cap anymore. Doesn't hold a distance anymore if you don't have to. Don't pay attention to how many people max. in a room. Don't pay attention to enough ventilation.,negative
137,@jovdm_be Vulpen is safely in my office.,positive
138,Sometimes you have to look hard but the national vz space and mobility D66 has fortunately discovered concrete commitment.  accomplished https://t.co/4WLPzWg7hR https://t.co/GtCApo4IPE,positive
139,@Sanne040 There is still room.,positive
140,@marriage In 1960 an average family had a home 1 job space for children a car and could go on holiday once a year. In 2021 the same family worked more hours for less chances of a home less space for children older cars and the same vacation. So why work more?,negative
141,@De_Kloek @WJBalhuizen Noord I don't associate so much with peace space and cleanliness...,positive
142,Since the summer of 2020 there has been scope in the corona crisis not only to take acute measures but also to look at the long-term this doctor argues. However in the policy this does not happen with the result: far too high expenditure insufficient results and failing care. https://t.co/OWyNzrpMCl,negative
143,@IsDatEchtZo5 @TheBossHisWife1 @PieterOmzigt But that would mean that you can't have these groups recreate (partying) together safely in a limited space. Then you will have to party separately. And nobody wants that. Yet.,negative
144,@DonyPSV Pröpper can conquer ball and is quiet at the ball. Monaco will play with 4 midfielders. Good in the small space. My opinion hey.,positive
145,Left middle and right are only variants of the exact same spectacle; the tastes in between are equally so. The right to complain is as great as anyone else's right to drop that complaint on deaf ears in this case.,neutral
146,So I really saw a crow put down a note a little bit more conveniently. He seemed to be sure that it was so good for a car to drive over. Besides that there were already some crushed notes. Delicious spectacle.,positive
147,@dianachovy Beautiful right? All that stormyness is a spectacle of nature... The falling leaves like flowers that give the season a beautiful blossom.,positive
148,@Shanna26031993 I was just on the A2 motorway between Utrecht and Den Bosch and had a beautiful weather light spectacle...,positive
149,@notalexludwig Now you can look purely tactical and enjoy the spectacle!,positive
150,@op1npo @GommersDiederik @chgroenhuijsen was once an authoritative U.S. correspondent and nominated for Nieuwsuur-anchor. Until the moment he didn't say anything negative about Bush. Then Charles went into the ban and off the tube. After his come-back all critical sense disappeared a sad spectacle.,negative
151,De Grote Schijn @RdamFestivals is insane! I've enjoyed this magical spectacle @kralingen_nl https://t.co/WzR0oRJ9dM,positive
152,@Herman02042116 Thank you mop well very sure a beautiful spectacle,positive
153,@EConfurius Good evening dear Elly here's another one which variety of colors is n beautiful spectacle......................................................................................................................................................,positive
154,It is a fascinating spectacle https://t.co/ie0eo288gU,positive
155,I've been wondering for the last few months how the psychopathic geniuses behind this global spectacle would be strategically able to cover the unforeseen and excessive v-damage. And look at a new sample called Marburg'.,negative
156,@Bartes73193791 I also realized that the Nazis simply never left. The great wars were only links in a much larger spectacle.,negative
157,@hans68lm Good afternoon sweetheart thank you I always find this a spectacle again especially when the sun is there with a bunch of pile clouds that are driven by the wind and so brings the colors off and on into the spotlights. For you a nice Wednesday too.,positive
158,When the field lioneriks (who weren't called that at the time) saw this spectacle they had had enough and with united forces these birds raised a skewer and they peed Ritchie Leeuwenhart in the midst of Flanders Fields.,negative
159,@atog @Margot_VDS Such a spectacular spectacle that attracts volcano. * frak takes *,positive
160,Bon so there's gonna be a mermaid on my upper leg from tomorrow.,negative
161,GOD: 62' Gerkens (2-2) Antwerp has taken over for quite some time and is standing alongside again! Verstraete sends an excellent corner kick and an alert Gerkens heads the ball untenable: 2-2! #FENANT #UEL,positive
162,If the right-wing people who complain about political correctness were consistent they would be more terrified by PC culture surrounding the police (the people who are authorized to carry out violence on behalf of the state) and how they should always be treated with children's gloves.,negative
163,@trias_politica @plottereye And in that speech I only recognized things that everyone would say with common sense. EU is not a state just a partnership between sovereign states and that the EU would do wisely to show a little more humility which they do not like to hear in Brussels.,negative
164,My review of Tijl and the Time Bomb of @larareims is now online. Thanks to @publisherijhamleybooks for the blogtour #linkinbio... @ Overvecht Utrecht Netherlands https://t.co/cTSndrS5LT,negative
165,@GerardVenema @LauraBromet @albertboersen Mrs Bromet's arrogance is both shocking and laughable. It's good that that Stalinist club of hers is on the edge of the abyss.,negative
166,@JoostNiemoller The Netherlands has to comply with international conventions which state that asylum must be applied for in the nearest safe country. That is what our predatoryness has not complied with for decades.,negative
167,Eventually it says that Ali is a fan of IS religiously motivated planned 2 years (!) murder. They don't mention Islamist reference right after the murder. Do you think Amess is to blame? Can I say I'm tired of them? https://t.co/EFSMn3byLe,negative
168,@IkJust79 That's part of the explanation given to me by my doctor to encourage you not to take the vaccine for the time being. There's also good information about it and the reason why the package leaflets still state that you shouldn't take the vaccine in case of allergy.,negative
169,@Pitor88 Be happy in your bubble I know only one truth I leave it at that if you had read where I lived you would realize that I also know people in Germany that's why I like your reaction so much it's not in your dictionary.,negative
170,@eddy_terstall As long as the spoon is in the knitting pot,neutral
171,How do you create creativity? Maybe the best method is in a book from 1939 https://t.co/LfV5gCKiFl,neutral
172,@hendriks_lia @esjemaria @suusonline Here along the N 247 is such a place where I think many Buddhists regularly come together. The land is loaded with images and then there are 30-50 Autofinders often working on the pavement between the images. What I know about it is very few conditions that are very rare.,negative
173,@annstrikje @Inland S See Jan 2021 and Dec 2020. A mutation of and covid 19 was unable to set this peak https://t.co/fCHg2O6jOH,negative
174,@ReitsLydia Say that. They don't even debate it because popupulism' because Wilders in the map' because... yes invent something. Meanwhile the problem becomes really insoluble. And for those who think NL isn't full: NL #29 is on the world list of most populated countries (2020)!,negative
175,@EditionNL Another lesson learned as a sushi enthusiast on the other hand surprises me that western touch not. Look at the Chinese-Indian (take-away) restaurants when they became popular. The dishes are tailored to the taste of Western culture.,neutral
176,Has recently posted a photo https://t.co/iG2KvVuZBN,neutral
177,@WilliamTweets__ People without taste and jealousy Solution: https://t.co/f2fSQMfNkP,negative
178,@FlipDynko @GUnight @marjolijnvdg The rabbit is there to make the lettuce tasty. As an intermediate between me and the lettuce. The rabbit gives the taste to the lettuce.,positive
179,@caseofdees @MartvDinther @ivledder @kristelvt @RvdK_minjenv The definition of integrity suddenly gets a whole different taste for me,negative
180,@gipbek Good everyone's taste.,neutral
181,@SanderSimmelp Do you ever have the vegetables from the countries on the map where a lot of vegetables is eaten?? So much flavor! Groente in the Netherlands tastes nothing so you eat less of them too!,negative
182,milkshake fristi flavor when,neutral
183,@reneemeijer02 @TrekSegafredo Hahaha....Indeed a good taste.,positive
184,Visiting the 100-year-old Mrs Van der Heijden-Kruisbergen this afternoon. Surrounded by many family members she celebrated this joyful fact. Cozyly spoken and the flowers and pie brought along on behalf of the...................................................................................................................................................................................,positive
185,@maurice_toet @JoLuijten @Carla_vd_Broek @harryhol @joel_buiter Thnx.. have the taste again now handsome again!,positive
186,He did have taste.....@TrekSegafredo but glad that the crook was caught! https://t.co/MGAtnqjRzQ,positive
187,@attackontitem We're happy that the cookies are in the taste!...... And sometimes it's okay to be in the sun thank you that Malika did this way. Enjoy!..............................................................................................................................................................................,positive
188,@DeLoftWijchen Have eaten with flavor,positive
189,@loyalty companies simply have to recruit their own staff again. the current technology makes the costs virtually nil in terms of agency workers. peripheral city and its industry are a completely unnecessary layer in the labour market! if necessary insist on a legislative amendment of short contracts.,negative
190,@slindenhof Happy perspective on advanced technology. Hopeful,positive
191,In the nineteenth century'scientific interpretation' (tafsir 'limmi) was in fashion because reformers tried to legitimize science and technology by appealing to verses from the Qor'an.,neutral
192,@Danibori @rblommestijn @hugodejonge @2525 If it was tested out on foot probably. But not when it comes to an experimental drug based on new technology essential trial phases of which have been skipped. One whose side effects already give huge lists and the long-term unknown.,negative
193,@SciteCito What kind of hysteria is this? For example thousands of boy/girl dreams have been killed. Mine too. Defense flies into the highest spectrum of violence with high-quality technology of millions of euros. Life and death are decided in a second.,negative
194,@science_dirk @larsroobol That's why boomers are so imbued with nuclear technology....................................................................................................................,negative
195,@NOS Is the last injection deadly and more contagious yes? Stay away from vaccinees so: As also inventor of mRNA technology itself says. https://t.co/nDVYYYIJQLH,negative
196,Today in 1879 - First demonstration of the light bulb by Thomas Edison. #Technology #history #dayfromnow,positive
197,@pierre93728072 Tiens flu + corona vaccine together? Both with the new technology? You would already be crazy to participate in this study as a conscious covid-unevaxte...,negative
198,It is an illusion that we create a paradise life when we put technology first. Back to humanity social connections a hollist human image and sobriety. Great episode of Op Hij Kop! https://t.co/cFHZ67KvdZ,negative
199,@JacquelineWxxx @GideonvMeijeren Small degradable spheres of a well-known biocompatible polymer. Technology has been around for a while but not yet for vaccine that's right.,positive
200,Not surprisingly it is a contractor who explains this disruptive technology... https://t.co/P3NdvdxIXV,positive
201,Steven Van Belleghem: I'm optimistic about the long-term technology but first we're gonna hit the ground hard https://t.co/XPvXZ5Nbpk,negative
202,How MediaMarkt Experiments with Technology &gt; https://t.co/jPkly6W9u4 #retail #media market #technology https://t.co/aRPIdh9kDC,neutral
203,How does digital technology change our society? Discover it at 7 French-Belgian conferences that will take place from 8 to 30 November. Check out the program and sign up quickly! https://t.co/LvyJTWD70L,neutral
204,@yyyyyyyyyyyyyyyyyyyyyyyyyyyyyyyyyyyyyyyyyyyyyyyyyyyyyyyyyyyyyyyyyyyyyyyyyyyyyyyyyyyyyyyyyyyyyyyyyyyyyyyyyyyyyyyyyyyyyyyyyyyyyyyyyyyyyyyyyyyyyyyyyyyyyyyyyyyyyyyyyyyyyyyyyyyyyyyyyyyyyyyyyyyyyyyyyyyyyyyyyyyyyyyyyyyyyyyyyyyyyyyyyyyyyyyyyyyyyyyyyyyyyyyyyyyyyyyyyyyyyyyyyyyyyyyyyyyyyyyyyyyyyyyyyyyyyyyyyyyyyyyyyyyyyyyyyyyyyyyyyyyyyyyyyyyyyyyyyyyyyyyyyyyyyyyyyyyyyyyyyyyyyyyyyyyyyyyyyyyyyyyyyyyyyyyyyyyyyyyyyyyyyyyyyyyyyyyyyyyyyyyyyyyyyyyyyyyyyyyyyyyyyyyyyyyyyyyyyyyyyyyyyyyyyyyyyyyyyyyyyyyyyyyyyyyyyyyyyyyyyyyyyyyy,negative
205,About 80% of the Flemish people are fully vaccinated and highly protected. We do not have 20% refusers a certain percentage may simply not because of under 12. How long ago is the text below? Liars! @wfschiltz @openvld https://t.co/F45qW7HyDO,positive
206,Can't imagine this #WoonProtest #Rotterdam #Erasmus Bridge letter holding: a lot of text about appearance insult and suspicious behavior to declare preventive heavy violence claim of a tram and 50 preventative arrests. There is another city council... https://t.co/VIq1TtcNsc,negative
207,@Ingeborg_text On Sure,positive
208,@taal_en_tekst @huus2020 Everyone should know that a vaccination is for when you are infected. Then your immune system only works to stop the infection. Then you almost always get less or not sick and the virus is faster out of your body. So less chance to infect others.,positive
209,@GraafIvar Number four hundred sharing the same text from his smartphone,negative
210,@hotzehofstra A lot of text to explain professionally,negative
211,NEWS: Feyza Care gives text and explanation about home care during...Coffee with..............................................................................................................................................................................................,neutral
212,@MaartenVonk1 Likewise better there than here I think.,negative
213,@miryanna1 @op1npo Those who are healthy have the medicine master of need but who are sick. That is the text that is often used.,neutral
214,@Ayla1057 @Month Hoodhelps @vanranstmarc Maybe look at Geert Vandenbossche if you want text and explanation at the complete fiasco of Marc van Ranst's policy or yes pharmaceutical policy. Sorry Marc.,negative
215,@lidwienj @Kath_74 @WaalsChris @Do666999 @vbemmelj might quote the continuation of the text that each of these 4 covid patients blocks on average 15 regular ic patients because the average covid patient is on ic for much longer. Source https://t.co/JU2Sks16XM,negative
216,@Watapatjee @FeyeNody You and put that Convex on his roofpiece text and he tunes by himself,neutral
217,@paaz stories Beautiful text in your bio.,positive
218,After when squeaking beeping beeping I find the text We're all Surinames whether we're Hindustani Javanese or afro Surinames are fit. Missing only Chinese burp and indigenous in the text. * https://t.co/9iJzCOkPnl,positive
219,@DeStralendeSter Nice and short and powerful. I've heard it 10 times. It must be firmly anchored in the memory. It's all a sad thing but the evidence surrounding the theory of a conspiracy is getting pretty tight right now. Thank you.,negative
220,@LeJeune_Mr @silentanger5 @thierrybaudet I don't say anything. And I don't get anywhere with a conspiracy theory. Why don't you go into Clingendael's article yourself?,negative
221,@IkNet 3100 streamers 5000 launchers https://t.co/nmcxQvlIWJ Why bother understanding itwe are still a growing society. [The above theory is based on cynicism and gloominess and therefore no right/accountability can be granted],negative
222,@safe_boilers A credible conspiracy theory contains quite a core of truth.,positive
223,I can immerse myself again for two days in playfulness and what this can mean in your development. It remains wonderful to experience how playfulness works and sniff up the underlying theory. Anything to grow you in treatment/trainings!,positive
224,@VerbrugghenGert Theory about Cleese's education?,neutral
225,@Manga187 I think it's more of a way to make non-Muslims think than it is for Muslims themselves as evidence. In discussions non-Muslims easily assume that Muslims like Christians believe that the Big Bag theory is incompatible with Islam.,neutral
226,@LeoenLea2 @Leodeadvisor @RMBras1973 It's not so much a conspiracy theory you make of it but a simple observation of facts. Look at the big cities where the native Dutch are already in the minority. Add to that that immigrants have more children plus via mass migration.,negative
227,@petervlemmix Why scale up?? For those few pathetic iq-less people who are too stubborn to vaccinate? It doesn't work that way...and otherwise prove your retarded theory once! Instead of always shouting something stupid!,negative
228,@84Nooff @cryptus_jesus @LindaSchD @sari32264489 @Reezyard Check out this link. Here I found my answer to a theory of ratios https://t.co/Dh9Wlxc7Cc,neutral
229,Today some legitimize the Qor'an himself. Both 'legitimation strategies' are misplaced. The Qor'an is among other things a book of drawings not a book of science. And linking to scientific theory and speculation is potentially very misplaced and dangerous.,negative
230,Some Muslims cite the 'Big Bang Theory' that might stand in the Qor'an as'strong proof' of the existence of a Higher Power.,neutral
231,@zeekoedanser @norocketsigns Ha's theory is therefore not valid.,negative
232,@chriskump In theory it could still be an iPod touch.,neutral
233,Shouldn't the CBR be taking part in some of the problems that the CBR itself causes in driving schools? Fixed price for the theory exam?: https://t.co/W2tbgryDPB,negative
234,@RachelDolleArt I don't have an ocd but I don't see myself giving away control soon honestly. So understand very well why therapy and why that click is important. Trust. If you have to give away control trust is the most important thing.,neutral
235,@NOS NOS 2017. While the trammachinist is still in the middle of his therapy a family member is celebrating the first birthday without..............................................................................................................................................................................................................................................,negative
236,@NicoleGiroldi That we do not go on because do not prick with an unapproved experimental gene therapy does not mean that one is anti-vaccinating,negative
237,It is today the first day of rehab of sugars. Maya kind of then. After it became known that the sugar addiction had to be taken seriously and I didn't manage it completely myself I got the choice earlier this week still more or less outpatient therapy (1/4),neutral
238,@bonn_tanja @Lennert_vd_Boom @Jokesinke @Doc_Box @are_clouds Which genes? Which ingredient is poison? And what exactly is immune therapy?,neutral
239,Must egt to therapy,negative
240,@kinky cough in which therapy should you ever tattoo yourself without the corresponding desire for a tattoo,neutral
241,@AnilvanderZee Good that people come out with their experiences around MECVS and what the so-called curative false Illnesbeliefs/movement has involved anxiety CBTGET therapy and caused an indescribable suffering.,positive
242,@IkNet NB experimental gene therapy you mean... Wonder if they would also run so fast at an experimental main transplant... #don't think,negative
243,@tafkatp Giving away control with ocd impossible to do without therapy and therefore that click was so important,neutral
244,@tafkatp Yes is more complex I could end up in a psychosis. 1x almost happens my husband 'drawn me out'. And I first had to follow some 7 years of intense therapy to be stronger so sort of stomped up for the emdr,negative
245,@Maes76Maes At this my application; 11 years fighting divorce with ups and last years mainly downs now first therapy: PSO. Hear me out:),negative
246,@jeetje_mina How brave and good that you share your story. Abuse never lies to the victim. Therapy helps but it never disappears is my experience. You learn to live with it.,positive
247,So you're threatening the fucking kids now??? LET YOU SPIT WITH THERAPY OR OTHERS?! How sick can you be? And I don't have any words for this! @EenToday #omt,negative
248,I'm always restless after that we're still in circles because of my agds... and apparently strong manipulator we don't really get any further I blame myself then again that I'm making everything up,negative
249,Okay so this was miscommunication at the top. It's been set in motion just for now no one else available (because of in-work paths). So it was about the contact until that time only that sentence wasn't named. For nothing. Oops. https://t.co/jW5K6EHb1W,neutral
250,@Suster_Es Came home today so hanging a little sofa etc. Maybe a little on time to bed?,neutral
251,@annekerocks Take all the time I'm less important x find occasionally send a message and receive already cozy x,positive
252,@idaschrift @helenedebrunne @aliettejonkers In Rijnstate a mouth cap has been mandatory all this time. Luckily.,positive
253,@LauraBromet @DerkBoswijk Looking back we don't have the time for... look ahead is better..,neutral
254,@Gaia_Universal Time for EMF devices. Otherwise some fishing nets.,neutral
255,@BirgitKlomps I don't think I have time for that.,negative
256,The water reserves in the Spanish reservoirs are starting to decline and in a week it has fallen by 237 hm3 to 22.015 hm3 which is 39.2% of the total capacity of 56.136 hm3. https://t.co/QjGdBWEQuN,negative
257,@Jell-O's 3/3!,negative
258,Am I the only one who finds it striking that Feyenoord in yesterday's violence when the chickens are there to condemn this and in the anti-LGBTI violence of late that it was silent or a weak statement........,negative
259,@steenpaasburg I never do. I know it saves time but it's not good for my heart. I just go full in and then they don't want to talk to me anymore. Problem solved.,neutral
260,@Michel1401 All the time continuous and constant...,neutral
261,time for a beautiful European evening #PSVMON,positive
262,@knol_dibi Yes because that's the normal time for EL. So I wouldn't think that's crazy honestly. Understand the point you want to make but think it's a bit short. Sunday 21:00 is a recent addition that isn't public friendly. EL I see as bonus and something else.,negative
263,@traveller1505 @diederikdegroot Maybe something to do with attacking people from the counter party in a restaurant or so... Zero tolerance procedure? They can better abolish footballs.,positive
264,@ADnl Corrigendum; 'We want to reduce tolerance'. # vaccination requirement #AD,neutral
265,@ADnl Tolerance decreases thanks to the Media... by injecting poison at the talk show tables.,negative
266,@ADnl The tolerance of the unvacinated is decreasing stop your propaganda bullshit do your job and first find out if that vaccine still works after 3 months of shit news and now get the hell out of here with these lies #BoosterShots,negative
267,@VincentVQ We're right about that tolerance on flash fines we're suddenly dropping back aren't we?,neutral
268,@ADnl Tolerance towards the FASCISTIC LEUGENPERS indeed decreases!,negative
269,@ADnl Our tolerance for your lies has also been greatly reduced....,negative
270,@ADnl Tolerance use QR code also decreases. We want our rights back; if necessary by force.,negative
271,@ADnl Tolerance is no value in care care for everyone regardless of standards and values.,positive
272,And we all know how things turned out in history with people who were labeled dangerous and contagious which reduced tolerance. But don't compare you could just predict the future with it which is ink black. https://t.co/nCuB3e7wMI,negative
273,@RasmusErica @robertpijeren That says a lot about your son zero tolerance for people who have a different opinion than he has.,negative
274,Discussion on care for unvaccinated hardened: 'Tolerance is decreasing' - (Premium) https://t.co/NNZLDCDd2p,negative
275,Tolerance extends far but should not affect the self-correcting ability the ability to reverse decisions. It is the question whether allowing ON to pass that test. If you have to point out the remarks of founder Karstens about this then they are already getting wet. https://t.co/fyi0myGMsU,negative
276,Balanced. For tolerance in the vaccination debate we can learn from religious disputes https://t.co/V5eR13L9rj,positive
277,Tolerance has two sides. Choosing a faith or dogma is accepting that there are limits to freedom. Religionists have always been there and will remain there for the time being. https://t.co/IK0wegl2mE via @volkskrant,neutral
278,@UWVnl @Wilthagen Not every employer has been helped with someone who holds an HBO diploma something in tourism.,negative
279,@StefanSchippers Practise a little patience. International tourism is not yet running at full speed.,neutral
280,@W_Joemai @chamwamba Yes. Through'medical tourism' came there a program in the USA.,neutral
281,So nice in Prins Albert https://t.co/0IWVzG893C #Tourisme https://t.co/XjwddtakA2,neutral
282,@erikpjverweij @DuijtsImme @finndaniil Every form of tourism brings more disadvantages than benefits. Look at the many places that are filled with resorts and hotels. Nature and everything that the first tourists came for is destroyed for some profit. Space will be no exception,negative
283,You walk downtown in clouds (bad) weed and hash air from the many people who smoke their big joint on the street. Watching for the vomit of people who mix too many drugs with alcohol and cheap take-away or scary sweet crap. #amsterdamlife #burden #drugs #Tourism,negative
284,@DuijtsImme @erikpjverweij @finndaniil What is fault? Space or tourism. If the latter is not good why is the rest of the phenomenon tourism good? There is much more money in it.,neutral
285,@thijszonneveld I understand the business model of the Office de Tourisme so my proposal is to do the two rest days at the most beautiful locations in France. Musee. d.o.b.Orsay and Gorges de Tarn or something.,neutral
286,The #nosjournaal has been reduced to news about corona control in the catering industry tourism on Aruba stopping corona support self-employed rental prices and sales web stores. And the weather. And traffic jams. Everything for the economy! And now advertising! #r1jn,negative
287,www.agripedia.lux read today in brochures of office du tourisme that had delivered a whole bag of beautiful exciting magazines for me at reception so read food enough:-) and still sunny views of the Meuse.,positive
288,@newscanalcom Executive tourism stoning and faulty tweeters squeaking on the village square: will you see that in the weltschmerz-wire! Something with ... a stick is soon found...? The NL-dug people can finally play BOA-tje and openly legitimate head kicks isn't it beautiful all those resistance heroes?,negative
289,Poverty tourism. I do this for a week and now know how it feels. Shameless! Making sure this doesn't happen anymore is your job as a councilman. https://t.co/qHJq0GS1Y4,negative
290,Moroccan Prime Minister Aziz Akhannouch is a billionaire with activities in oil gas telecommunications tourism hotels real estate + his wife in retail shopping centers cosmetics etc. 1/2,negative
291,@telegraph Logically the whole industry lies on its hole not exactly future possibilities.. Also in tourism but don't think I'm going to play with qr codes and nose sticks to keep a job in that industry or get hahahahaha,negative
292,The toddler fell asleep on the couch at 4 o'clock and was unconscious until 6 o'clock now just stay up until she's tired.,positive
293,I'm looking for someone who has consciousness - last week I had someone who was unconscious. It wasn't. After sex I left. #LLDL #Langleve love #Langleve https://t.co/LZ2Zo45.0M,negative
294,Shocking Family of 63-year-olds fighting for his life by miscarriage of football scarfs: They even laughed at my father when he was already unconscious on the ground https://t.co/Gwac3GWFEU,negative
295,Family of 63-year-olds fighting for his life by miscarriage of football scarfs: They laughed at my father even when he was already unconscious on the ground https://t.co/HoCGZJrdcp The peasant suppoters will always be retarded stadium ban for life,negative
296,@BrendanRG91 Swimming lessons I've had swimming lessons. And yes as a sailor I can tell you that I always wear life jacket on the boat. It keeps your head above water when you thunder overboard even if you're unconscious. So you have a chance to be saved alive instead of drowning. Asshole!,negative
297,Woman testifies how she got something in her drink at café in Brussels: Housemate found me unconscious next to the toilets https://t.co/jc8gIz64Wn,negative
298,Woman testifies about rape in the cafe in Ixelles: Housemate found me unconscious next to the toilets https://t.co/DGyWwDv5vE,negative
299,Dear followers.... Disgusting...Italian man lying unconscious on the ground...while the police are just watching... https://t.co/3VCFyon7j0,negative
300,Winning design 'Green Wave' by student Garden and Landscape Establishment Nanja will really be performed on Utopia Island Floriade Expo 2022. Read why her design - among the designs of fellow students - was best rated: https://t.co/UVUcBMZUeN #floriade #hvhl https://t.co/Lf3XMfhkJJ,positive
301,@hwasdior_ utopia kween varied,positive
302,@JustFunny12 If they can't reserve an island far from here for this kind of weirdo they can start their own Utopia instead of bothering us with it.,negative
303,@SimonvanderBur1 @caseofdees @overlistener Dream on simon our country is not utopia,negative
304,During my circadian circadian dreaming away to the ideal life......................................................................................................................................................................................................................................................,positive
305,@marcdedroe @WattisSustainable @climate agreement @dobbelska @BVerheggen @NMU_ @ProvUtrecht In Utopia all voters and candidates have basic knowledge and go for the general interest. The Netherlands is no Utopia unfortunately. Mostly municipalities notice that not in my backyard reasoning usually wins and is noisy. Mostly with understandable individual reasons (1/2),negative
306,@JanBergfeld @realist_Utopia @geraldinevhap @Odessa666666 We are the climate crazies of the Netherlands and forbid anything that is harmful for man animal plant or thing because we live in our own world and become crazier by the day!! https://t.co/OsZ5TA1ZMw,negative
307,@JanBergfeld @realist_Utopia @geraldinevhap @Odessa666666 Climate crazies who think that with prohibition everything is solved keep dreaming.... Don't you think you should have come 25 years earlier and not now. What a lame bullshit all going crazy here.......,negative
308,@JanBergfeld @realist_Utopia @geraldinevhap @Odessa666666 You seem to have shit on the health of neighborhood residents and the environment. Yes I do... There's no one who comes whining when we burn wood.... And no one has ever died of fine dust or air pollution either.,negative
309,@JanBergfeld @Tomes26078472 @realist_Utopia @Odessa666666 Until the ban is in place there can still be fired. Of course only if it allows it and certainly not daily. At most 3/4x per month. What a shit my surroundings!,neutral
310,@Tomes26078472 @realist_Utopia @geraldinevhap @Odessa6666 Matter of time....ban is definitely going to happen. But more importantly you seem to have shit on the health of neighborhood residents and the environment. That's obvious now.,negative
311,@Ammer_B I never hear about forcing CO2 meters in public spaces. Is the value too high than mouth nose masks or leaving the room.,negative
312,@Lilylilajo Well that there are creeps is a fact. Unfortunately they can be found in all layers of society. However I value the respectful experience of faith. That does not mean that I follow the Pope,negative
313,@Unright2 The value of invested reserves has reached an astronomical size for pension funds. At the same time the government saved 11 billion euros on the AOW budget alone in 2018. Between 1982 and 1994 the government withheld a huge amount from the ABP.,negative
314,@adacredaction Let everyone in its value and stop that propaganda of vaccination coercion. https://t.co/3SjKJ3fNFM,negative
315,Okay we know now that the name Tallon came into being. But what about Greekpoor?,neutral
316,@bermmaier @NUnl That is on the soil. On clay soil oaks do it fantastic for the pH value of 7.5-8 On sandy soils they do it less because of the lower ph of around 6. And at an even lower ph value an oak will die. And leave many natural areas on sandy soils.,negative
317,@Simone51716230 @DJElectronicsnl @jpaternotte I assume that you have been trained to appreciate the information that passes by. Could you forward a few articles about this with your opinion on this?,neutral
318,In this I believe Willem J. Ouweneel briefly and forcefully explains the core and lasting value of the Christian faith: https://t.co/Hi0hVZOOf2 #boek https://t.co/mNxhtkDMSk,neutral
319,@JanLatten My house will continue to increase in value. Cleaners and painters will remain cheap for a while.,positive
320,@PieterOmtzitt @Renate_InZicht Scale up and in case of complaints you stay at home the rest of the vd measures has no added value.,negative
321,Flavors change and sometimes that's too bad. Read about a herbal nut variety that is eaten more often than the 'original'. And does anyone know later what real pastry cream tastes like? Read it here (including the episode from the Verification Service of Value) https://t.co/w2hmEQJdyu https://t.co/uqesGh2hu1,negative
322,The WOZ algorithm also rattles on all sides. Previously 1000 euros higher WOZ value didn't matter so much. Then you paid a little more OZB. But now with the net worth you suddenly have almost 490 EUR extra ground value=debt to your pants! Because my BSQ=49% #hearing,negative
323,How islamophobic should someone be that they prefer to see students who are behind school get 16 hours of study a week people are unemployed because of a religious expression rather than to hire and leave the teachers in their value? https://t.co/PKgXMMS2nv,negative
324,@other_thinking That obsession with objectivity is pure selfishness. To measure the value of God to yourself instead of the other way around.,negative
325,@JDB_trading I've never seen the value of it and underestimated the craziness see no value in it yet but acting is a lot easier...,negative
326,@ElPasYou_2 @ZijWel @DebunkerDutch @streetartlover_ @polderwitch VIRTUEL YES I'M SAYING IN MN BROEK FOR MORGEN,negative
327,@Wendy_ss2050 @multesimus @chrisklomp The rest is quiet because they get tired of you. You didn't have a conversation with Chris just some silly gibberish on your part that he understandably didn't respond to. It's really below all the levels you're talking about virtually...,negative
328,First continuously the photos of a coronavirus (virtually natural) Then over and over again images of syringes. Spray spray with drop spray in arm (also ic's jars mouth caps) And then coronavirus other model nice design. Now that is always in the picture to make fear https://t.co/a9mvLKqX5b,negative
329,News update: Preparing virtually for assistance in Corbul tunnel RhinelandRoute https://t.co/FJLTtYC8Sp Help Forum https://t.co/pcO0f8nltE,neutral
330,@DjeeDeeBee @andyvergauwen Ah we all have something. But hug ok as long as it's virtual. I've never been so cuddly. When I was 3 I told my mother who asked for a kiss: I already did that yesterday. My poor husband.,neutral
331,@Nederhof @BestOf1913 @dutch_travel @DNB_NL So there is something for everyone. Getting that wine to NL also costs energy. Sometimes very much even. I like it. Malbec from Argentina! Furthermore you can't eat money and almost all the money is virtual too. But it's not yours. It's from the (central) bank. Success;),positive
332,@Linksoog pfft. Hugg for you virtual from me!,positive
333,@gdj0801 Luckily we can cuddle virtually,positive
334,@EelcoHoecke @lientje1967 CDA is only a virtual game a shadow of what it used to be. Unfortunately they not only bleed out to the BBB but also to PvdA and other left-wing clubs.,negative
335,@philippeboey @Dsoenens @BPostiche @verguts I don't forget your indifference when I was lynched virtually Boeyoer!,negative
336,Many pig farmers are currently virtually bankrupt: how the sector moans at increasing cost... https://t.co/t3jof3h1Kz via @demorning,negative
337,@haanstra_j Nitrogen problem is a virtual problem based on calculation-your-rich models and a desire to control flora and fauna by gardening.,negative
338,@ljlp Isn't there an online option? I'm going virtually to St. Louis on November 20th. Saves time and money.,neutral
339,In the podcast #werkenbrugge July and Katrien tell about #Mmmonk. The Mmmonk project brings together the library collection of four medieval abbeys virtually again... Listen to the podcast via https://t.co/T5YW46aZUs https://t.co/ZC3F9mf268,neutral
340,Companies are looking for new IT talents but they don't always know the right people in Nederlanhd. But you can also source talent 'virtually' from regions where the labour market is much less tense. https://t.co/QfqMbSFFaQ,neutral
341,@XMyQi @Brainwashonline @promotinghuman Thank you! And what isn't can still come. I would say that this need for this was less felt then it was enough to emphasize prosperity. By now that is not enough but Robert Schuman said it: if I started again I would start with culture,negative
342,Rutte lectures Poland but in his own country he and his cabinet make a mess of it. No rather to score internationally with famous people like Claus Schwab of the WEC. This elite club will rob you of your prosperity through the Great Reset. Stop dreaming wake up!! https://t.co/51k6Yloudd,negative
343,@greenlinks Green Left also understands that if all this is going to be pushed through immediately the prosperity that we now have will no longer be like this? Tell that to the honest. Tell that to the kindergarten children as well.,negative
344,@TjerkLangman @VoltNederland #EU becomes more powerful by acting against members who do not take it so closely with principles of the rule of law. And non-members who want to eat from multiple economic ramparts are discouraged. Complicated but necessary mhoo peace security prosperity and well-being of Europeans.,neutral
345,@VincentVQ I think there are many real liberals watching you destroy our prosperity in such a short time. Making extremist left-wing idiots do this is as bad as doing it themselves.,negative
346,When I lived in #Budel in the 1970s that village derived much of its prosperity from the German barracks. The barracks are gone and in the buildings there is now an azc. I hear from EenVandaag that the inhabitants are less happy with it.,negative
347,@KJ53384990 @SchipholWatch @tiesjoost Keep Schiphol as a hub because that's good for our accessibility and prosperity. Schiphol has been a hub for over 50 years so all neighbors could know that they were going to live next to a large international air node.,neutral
348,@nexitdenktank They see the build-up of debt. EU cooperation leads to lower prosperity higher debt and lower disposable income. A union that has led itself to believe that it can only exist by creating more debt instead of adding value is doomed.,negative
349,@umarebru @Kristine29ha There is conscious undercapacity for three reasons: 1. Maintain vaccination command; 2. Polarization in society divide and rule; 3. Measures such as lock-down are always motivating. And so there is acting. At the expense of well-being prosperity freedom and human lives.,negative
350,@mariannezw We did know but we didn't want to know it might be appropriate. Everything for prosperity and freedom. Because according to HdJ freedom is not without borders.,negative
351,Vaccinates who facilitate Nazi government help to destroy their own economy and prosperity. SUKKELS! Tasty NWO playing into the map by breaking down the economy. #TheGreatReset verse https://t.co/kCleI70eGr,negative
352,@ThomasVanwing That depends on whether you would invent it now or at the time. In both cases probably the same as at the time because at that time we had not invented the knowledge we now have... let alone the prosperity.,negative
353,@J41963735 @LidwienNews @Wiep13396680 @rinsjan @BilderbergsS @Observerererer @Nachtzuster2 @Natassanews @TwietterNation @news_in @BLIKOPENER333 @MuzZ11_ @Kijkverder1 Pickled prosperity immigrants,negative
354,@LifeboatRoli @margabult Don't worry about that kind of unacceptable risk takers. Drivers also exclude from care. Smokers definitely don't give any more help. People with obesity send them to the Mac. Footballers with broken legs. Yes just let their own football carers splint it and hope for the best...,negative
355,@mistwitcha @harryhol @PolitieLE But it's true that several people say it and I haven't heard you deny it yet. And that you've worked in the police department only shows how corrupt the system is. And the MSM doesn't say anything about it again! Then you know it's true!,negative
356,@Harrienack @telegraaf It goes from evil to worse in our beautiful Netherlands. Rutte but cycling in Amsterdam of the prince no evil conscious. Meanwhile the Dutch are murdered by bullets knives violence or indeed under the tram pushed by 3 tinted perpetrators..,negative
357,@gherusselman Trust is gone...,negative
358,VVD policy 34 seats many Dutch agree with this policy..... yet? https://t.co/g4b9PMPSFd,negative
359,@RechtsprokenNL @rbankamsterdam Why are these perpetrators not mentioned by their origins. I always find it an insult to the Dutch/Polish population of their country of residence. I myself live in Germany but I am not a German but a Dutch.,negative
360,@KhuneSilvretta @OBraeckenssieck Jammer Jetten does 10x better than Kaag.,negative
361,@RonVergouwen @HumbertoTan @Aidsfonds Figures from the AIDS Fund? Does the AIDS Fund go all over Africa or only black men in the weste? https://t.co/xHFLSC9NZY,negative
362,@Wim04789402 @raiseparadise @liekcornelissen That's calculated again. A benefit is designed for the first need for life kind of poor help so it has begun. No damage when you really need it not out of calculation. It's money from all of us that other people have to work hard for.,negative
363,@Maleo56832903 @ArnoWellens The speaker who says he is from the ICU speaks about damage to the AUTO immune system.That can never be an IC nurse...This testimony is deceit...,negative
364,@MARLYNE01 @AnneliesdeZeeuw By researching from many sources what these mRNA vaccines do to you. Without listening to the supporters or the opponents you can't make a choice of sincerity. Therefore before researching something you also have to do self-research to gain knowledge.,neutral
365,@MARLYNE01 @AnneliesdeZeeuw The problem is that I am sure that these mRNA vaccines completely undermine someone's health in the long term. I prefer to be immune with my own resistance system. And I find my health the most important because without that everything else is pointless...,negative
366,@MaenenL @Addo85 @AnneliesdeSeeuw Until those unvaccinated have all had the virus... then they have even more resistance...,negative
367,@PucktHart Still too much work. English I can listen with half an ear and half an ear and then I usually get 80%. In French I really have to read subtitles.,negative
368,@Mie9279 See here a hunting white blood cell at work to catch intruders uh nice eh your immune system hasn't survived a big bang uh https://t.co/UdgdZv38re,positive
369,For those who are in the final sprint for Christmas in their work this training can just make the difference between getting completely exhausted Christmas or getting fit at the 2021 finish line. So go from deadline to sustainable and invest in your Inner Fundamentals. https://t.co/94c1PuwFBP,positive
370,@valkenburg_an @noiselast Yes it is different. Last week after the work of my wife who had also been home to eat at the Italian. Not quite full but nice and busy.,positive
371,@adegraat But what is responsible for the current measures? What measures everything is released. As a care worker I can still go to work if a roommate has been tested poetically I really don't need to use a pbm from the RIVM while I work with vulnerable people...1,negative
372,Full bowl at the evening about How do I improve my work? with the amazing Ottoman district Ottoman as moderator and sidekick Ottoman at the Ottoman at the Ottoman at the Ottoman at the Ottoman at the Ottoman at the Ottoman at the Ottoman at the Ottoman at the Ottoman at the Ottoman at the Ottoman at the Ottoman at the Ottoman at the Ottoman at the Ottoman at the Ottoman at the Ottoman at the Ottoman at the Ottoman at the Ottoman at the Ottoman at the Ottoman at the Ottoman at the Ottoman at the Ottoman at the Ottoman at the Ottoman at the Ottoman.,positive
373,@RoyGrinwis Think of yourself Roy I don't know the motivation of this fellow fellow maybe it's not a colleague maybe a colleague with a trauma maybe something else and maybe such a keyboard hero who is so stupid that it still stumbles over wireless internet.,positive
374,I sent an e-mail today to the board of directors of my work in which I expressed my concerns about caring for people with autism and an Ivb. I received an empathic e-mail with a plan of approach the same day. Wow so it can also work #indezorg,positive
375,@zukubestevaer Good preparation is half the work! #FirstDates,positive
376,Wow: save the world and win beautiful film prizes: congratulations 'Captain Nova' with the @Cinekid Leeuwen voor Beste Nederlandse Kinderfilm 2021 &amp; Beste Kinderfilm 2021! Nice work Maurice Trouwborst Keplerfilm cast en crew! Read also: https://t.co/LkDSmHIssh https://t.co/mvOF6YRycn,positive
377,@Jandevries2005 @JaapJansen In addition I wonder how many sides it should be emphasized that our 150 MPs (now also compared to various foreign countries) are getting their sign so full that you have to worry if they can do their job properly. (spoiler: mwa),negative
378,@GoddessTess8 Eat tasty goddess. Nice to see you enjoying while I'm working for you.,positive
379,@marnixbe Thinking that there is a lot of ONLINE civil service at work... that you can still see from the often unnecessary traffic signs!!,negative
380,@Mariskaatje1985 Today at work with lunch we talked about this too. So dirty. Between your yellow custard still pieces of potato oatmeal,negative
381,@PatriciaFoort @delinkserat Jaaaa delicious to say that to her! Do all baristas write that please on her cup??? #barista #nanninga #neegaweg,positive
382,@Rob_DeLaMadera especially no maths and writing teaching the kids,negative
383,This is really super based. Rappers who call for degeneration; promote fornication drugs and gangster life zehma? Is good brother go write lyrics in your solitary cell LMAO https://t.co/WzW63VuqK9,negative
384,Carlos Vinícius scored 6 times last season for Tottenham Hotspur in the Europa League. At PSV he didn't convince in his raids yet but it seems a little early to write him off. A great opportunity for him tonight at the Philips Stadium.,positive
385,@WoutDevoght @PeterBuysrogge I always want to write a sincere recommendation letter but doubt if this is a good marketing move.,negative
386,@Writing Tigress Should start writing a book...........................................................................................................,positive
387,@MarcelHaenen A default write. Can be pulled out with few simple adjustments for each demonstration.,positive
388,@HartvNL Jaa die Vve и We can also write an Omnibus about that,negative
389,@RTLnews Rutte thinks? Rutte lies you wanted to write? Mark puts on too big pants hand in his own bosom he would. Other EU countries laugh at him secretly and rightly so.,negative
390,@annexum_huib @BinckBank @saxobank Once with your observations. I find the greatest drama to be the retention of margin when writing covered. Who makes this up?,negative
391,@h_wonderful mama I readjust writing someone beautiful picture I can confirm beautiful photo.,positive
392,@Immetjes @TheYazzThing @SanKa112 also you can say something about that. What makes people less if they make language mistakes or could not write 100 % correctly or not eat completely neatly at the table? Again: I'm more concerned with people's actions and not if they can talk neatly or without mistakes..,negative
393,@LithNoortje Go on with that!! Not only do they not know but they also think they have more right. Easily write off other people!,positive
394,@Kakhiel Exactly. Otherwise they wouldn't write it that way.,neutral
395,Why is the broadcast time of @hetklokhuis getting shorter and shorter while the bullshit around it is getting longer and army @buitnntr!? Great potato fries info got with among others @BramLadage #Ladage #youth #tv https://t.co/NswaOUI4Wi,negative
396,Kökcü's free kicks in the youth under 21 were 100x better. #Feyenoord,positive
397,@Mirjam152 Bad youth and his studies provide for gentleness...task!,negative
398,There is no hope for the youth anymore! I put on hallelujah of cohen and this child asks if I can put on the real version????,negative
399,Transition from field to room for youth! - The field season is almost over with the B1 and the two C teams becoming champions! Furthermore another special season where we certainly have (with the necessary flexibility) competitions... - https://t.co/drJpnaPPWQ,positive
400,Young people in NL are increasingly experiencing unhealthy #stress and performance pressure. The regional knowledge workshop youth and family centre has 6 recommendations to reduce this pressure. #NetworkBetterTogether #home chairs #appropriate education #learning law #Utrecht https://t.co/4yvk9QBUCd,negative
401,@EelcoHoecke Once Eelco so done with that crybear from the CDA that Afghan vacationer from the @cda who wants even longer waiting lists for homes for our youth.,negative
402,Schiedam JWTV • VIDEO • Youth trainers Sparta give clinic to youth Kethel Spaland • # Schiedam https://t.co/T4ewYKTirW,neutral
403,@artbysophia Whoever was at the base was later convicted twice for child abuse. That's how uncomfortable is the youth industry. Read a recommendation on LinkedIn vd team leader on how good she is at getting the money.,negative
404,@voetveeg_yuri I get upset when I realize that this band has more supporters among the 40+s than among the youth;),negative
405,@VanderVegt1973 @SteenksRafaela Me too. In my youth several times a year stay Kieldrecht and Merksem. At family. Super fun time and a delicious language. Beer at the luncheon instead of water. And filled chocolate bar afterwards.,positive
406,@wierdduk The Dutch youth are the new English!,negative
407,@sonnyspek No I had a happy childhood. Elementary school was more fun. High school was less fun but still more fun than my student days. The time after my studies is also more fun. Actually my student days were the worst time of my life.,positive
408,@Mirjam152 What is he thinking? Where did this crazy childhood come from? Haven't they ever been raised?,negative
